experiment_id,experiment_name,scenario,features,class_id,class_name,TP,FP,FN,TN,accuracy,precision,recall,f1_score,specificity,fpr,fnr,support
E1,exp_bench30_normal_fedavg_28f,normal_noniid,28f,0,Backdoor_Malware,6252,6691,16248,1381012,0.9837335475814475,0.4830410260372402,0.27786666666666665,0.35279180656264986,0.9951783630935438,0.0048216369064562085,0.7221333333333333,22500
E1,exp_bench30_normal_fedavg_28f,normal_noniid,28f,1,BenignTraffic,39669,31584,5331,1333619,0.9738229176934101,0.5567344532861774,0.8815333333333333,0.682459807488839,0.9768649790543971,0.023135020945602963,0.11846666666666666,45000
E1,exp_bench30_normal_fedavg_28f,normal_noniid,28f,2,BrowserHijacking,29543,26664,14399,1339597,0.970881497202885,0.5256106890600815,0.6723180556187702,0.5899809284166592,0.9804839631666278,0.019516036833372247,0.32768194438122983,43942
E1,exp_bench30_normal_fedavg_28f,normal_noniid,28f,3,CommandInjection,24261,9647,16307,1359988,0.9815955575190238,0.7154948684676182,0.5980329323604812,0.651511896449863,0.9929565176123566,0.007043482387643424,0.40196706763951884,40568
E1,exp_bench30_normal_fedavg_28f,normal_noniid,28f,4,DDoS-ACK_Fragmentation,44282,301,718,1364902,0.9992774089971443,0.9932485476526928,0.9840444444444445,0.9886250739537636,0.9997795199688252,0.00022048003117485093,0.015955555555555556,45000
E1,exp_bench30_normal_fedavg_28f,normal_noniid,28f,5,DDoS-HTTP_Flood,39145,605,5855,1364598,0.9954190992360674,0.9847798742138365,0.8698888888888889,0.9237758112094395,0.9995568424622565,0.00044315753774347113,0.13011111111111112,45000
E1,exp_bench30_normal_fedavg_28f,normal_noniid,28f,6,DDoS-ICMP_Flood,44939,16,61,1365187,0.9999453979320708,0.9996440885329774,0.9986444444444444,0.9991440164526707,0.9999882801312332,1.1719868766769484e-05,0.0013555555555555556,45000
E1,exp_bench30_normal_fedavg_28f,normal_noniid,28f,7,DDoS-ICMP_Fragmentation,44070,180,930,1365023,0.9992128792805007,0.9959322033898305,0.9793333333333333,0.987563025210084,0.9998681514763739,0.0001318485236261567,0.020666666666666667,45000
E1,exp_bench30_normal_fedavg_28f,normal_noniid,28f,8,DDoS-PSHACK_Flood,44913,237,87,1364966,0.9997702458440381,0.9947508305647841,0.9980666666666667,0.996405990016639,0.9998263994438922,0.000173600556107773,0.0019333333333333333,45000
E1,exp_bench30_normal_fedavg_28f,normal_noniid,28f,9,DDoS-RSTFINFlood,44955,5,45,1365198,0.9999645441117343,0.9998887900355872,0.999,0.999444197421076,0.9999963375410104,3.6624589896154637e-06,0.001,45000
E1,exp_bench30_normal_fedavg_28f,normal_noniid,28f,10,DDoS-SYN_Flood,42001,1417,2999,1363786,0.9968685359483705,0.9673637661799254,0.9333555555555556,0.9500554185799271,0.9989620591223429,0.0010379408776570224,0.06664444444444445,45000
E1,exp_bench30_normal_fedavg_28f,normal_noniid,28f,11,DDoS-SlowLoris,43717,4808,1283,1360395,0.9956807636914685,0.9009170530654302,0.9714888888888888,0.9348730286019781,0.9964781794355858,0.00352182056441423,0.028511111111111112,45000
E1,exp_bench30_normal_fedavg_28f,normal_noniid,28f,12,DDoS-SynonymousIP_Flood,44945,2247,55,1362956,0.9983676109042458,0.9523859976267164,0.9987777777777778,0.9750303713988199,0.9983540909300668,0.0016459090699331893,0.0012222222222222222,45000
E1,exp_bench30_normal_fedavg_28f,normal_noniid,28f,13,DDoS-TCP_Flood,44839,265,161,1364938,0.999697915831976,0.9941246896062433,0.9964222222222222,0.9952721299831306,0.9998058896735503,0.00019411032644961958,0.003577777777777778,45000
E1,exp_bench30_normal_fedavg_28f,normal_noniid,28f,14,DDoS-UDP_Flood,44201,293,799,1364910,0.9992256434002764,0.9934148424506675,0.9822444444444445,0.9877980646747268,0.9997853799032085,0.00021462009679146617,0.017755555555555556,45000
E1,exp_bench30_normal_fedavg_28f,normal_noniid,28f,15,DDoS-UDP_Fragmentation,44371,518,629,1364685,0.9991866419231841,0.9884604246029094,0.9860222222222222,0.9872398179977527,0.9996205692486758,0.00037943075132416206,0.013977777777777778,45000
E1,exp_bench30_normal_fedavg_28f,normal_noniid,28f,16,DNS_Spoofing,15646,6719,29354,1358484,0.974419994851805,0.699575229152694,0.3476888888888889,0.46451421361240997,0.9950783876097548,0.00492161239024526,0.6523111111111111,45000
E1,exp_bench30_normal_fedavg_28f,normal_noniid,28f,17,DictionaryBruteForce,31054,12152,13946,1353051,0.9814934445608186,0.7187427672082581,0.6900888888888889,0.7041244359794119,0.9910987596716386,0.008901240328361423,0.30991111111111114,45000
E1,exp_bench30_normal_fedavg_28f,normal_noniid,28f,18,DoS-HTTP_Flood,43461,2870,1539,1362333,0.9968734997727278,0.9380544343959768,0.9658,0.9517250440704689,0.9978977485399607,0.002102251460039276,0.0342,45000
E1,exp_bench30_normal_fedavg_28f,normal_noniid,28f,19,DoS-SYN_Flood,44450,1764,550,1363439,0.9983591014910619,0.9618297485610421,0.9877777777777778,0.9746310873330848,0.9987078844684637,0.0012921155315363357,0.012222222222222223,45000
E1,exp_bench30_normal_fedavg_28f,normal_noniid,28f,20,DoS-TCP_Flood,44726,119,274,1365084,0.9997213167182314,0.9973464154309287,0.9939111111111111,0.9956257999888697,0.9999128334760472,8.716652395284804e-05,0.0060888888888888885,45000
E1,exp_bench30_normal_fedavg_28f,normal_noniid,28f,21,DoS-UDP_Flood,44797,852,203,1364351,0.9992518807575931,0.9813358452540034,0.9954888888888889,0.9883617028318018,0.9993759169881695,0.0006240830118304751,0.004511111111111111,45000
E1,exp_bench30_normal_fedavg_28f,normal_noniid,28f,22,MITM-ArpSpoofing,28844,8852,16156,1356351,0.9822663829250116,0.7651740237691002,0.6409777777777778,0.6975911773241753,0.9935159826047848,0.006484017395215217,0.35902222222222224,45000
E1,exp_bench30_normal_fedavg_28f,normal_noniid,28f,23,Mirai-greeth_flood,44445,2622,555,1362581,0.9977471328595954,0.9442921792338581,0.9876666666666667,0.9654925217504644,0.9980794065058457,0.0019205934941543491,0.012333333333333333,45000
E1,exp_bench30_normal_fedavg_28f,normal_noniid,28f,24,Mirai-greip_flood,41967,377,3033,1364826,0.997581908420277,0.9910967315322123,0.9326,0.9609589668437444,0.9997238505921829,0.00027614940781700597,0.0674,45000
E1,exp_bench30_normal_fedavg_28f,normal_noniid,28f,25,Mirai-udpplain,44663,163,337,1365040,0.9996454411173427,0.996363717485388,0.9925111111111111,0.9944336828980473,0.9998806038369386,0.00011939616306146412,0.007488888888888889,45000
E1,exp_bench30_normal_fedavg_28f,normal_noniid,28f,26,Recon-HostDiscovery,15533,450,29467,1364753,0.978785323815082,0.971845085403241,0.34517777777777775,0.5094206582162242,0.9996703786909346,0.00032962130906539176,0.6548222222222222,45000
E1,exp_bench30_normal_fedavg_28f,normal_noniid,28f,27,Recon-OSScan,16815,13614,28185,1351589,0.9703595865276134,0.5525978507344967,0.37366666666666665,0.4458497394901165,0.990027856663075,0.009972143336924985,0.6263333333333333,45000
E1,exp_bench30_normal_fedavg_28f,normal_noniid,28f,28,Recon-PingSweep,14159,31872,2806,1361366,0.975409214134419,0.3075970541591536,0.8346006483937518,0.4495206044828243,0.9771237936375551,0.022876206362444893,0.16539935160624816,16965
E1,exp_bench30_normal_fedavg_28f,normal_noniid,28f,29,Recon-PortScan,18002,23114,26998,1342089,0.9644646905445529,0.43783441969063136,0.4000444444444444,0.4180872311765525,0.9830691845828057,0.016930815417194368,0.5999555555555556,45000
E1,exp_bench30_normal_fedavg_28f,normal_noniid,28f,30,SqlInjection,22520,16633,16818,1354232,0.97627930163246,0.5751794243097591,0.5724744521836392,0.5738237504936872,0.9878667848402286,0.012133215159771385,0.42752554781636076,39338
E1,exp_bench30_normal_fedavg_28f,normal_noniid,28f,31,Uploading_Attack,7098,51414,2292,1349399,0.961916121296012,0.1213084495488105,0.7559105431309904,0.20906600689228594,0.9632970282257518,0.03670297177424824,0.2440894568690096,9390
E1,exp_bench30_normal_fedavg_28f,normal_noniid,28f,32,VulnerabilityScan,43302,3553,1698,1361650,0.9962764226143328,0.9241703126667378,0.9622666666666667,0.9428338141636275,0.9973974566419792,0.0026025433580207486,0.037733333333333334,45000
E1,exp_bench30_normal_fedavg_28f,normal_noniid,28f,33,XSS,0,0,22500,1387703,0.9840448502804207,NaN,0.0,NaN,1.0,0.0,1.0,22500
E2,exp_bench30_normal_qifa_28f,normal_noniid,28f,0,Backdoor_Malware,6218,6515,16282,1381188,0.9838342423041222,0.48833739103117885,0.2763555555555556,0.35296455027956747,0.9953051913846118,0.004694808615388163,0.7236444444444444,22500
E2,exp_bench30_normal_qifa_28f,normal_noniid,28f,1,BenignTraffic,40311,35518,4689,1329685,0.9714885020099943,0.531604003745269,0.8958,0.6672404803482607,0.9739833563213676,0.02601664367863241,0.1042,45000
E2,exp_bench30_normal_qifa_28f,normal_noniid,28f,2,BrowserHijacking,27597,17260,16345,1349001,0.9761700974966016,0.6152217045277214,0.6280324063538301,0.6215610536154687,0.9873669818577856,0.012633018142214408,0.37196759364616994,43942
E2,exp_bench30_normal_qifa_28f,normal_noniid,28f,3,CommandInjection,25917,13588,14651,1356047,0.9799752234252799,0.656043538792558,0.63885328337606,0.647334307444457,0.9900791086676377,0.009920891332362273,0.36114671662394005,40568
E2,exp_bench30_normal_qifa_28f,normal_noniid,28f,4,DDoS-ACK_Fragmentation,44330,397,670,1364806,0.9992433713444093,0.991123929617457,0.9851111111111112,0.988108373176413,0.9997092007562245,0.0002907992437754678,0.014888888888888889,45000
E2,exp_bench30_normal_qifa_28f,normal_noniid,28f,5,DDoS-HTTP_Flood,38419,591,6581,1364612,0.9949142073871634,0.9848500384516791,0.8537555555555556,0.9146292108082371,0.9995670973474274,0.0004329026525725478,0.14624444444444445,45000
E2,exp_bench30_normal_qifa_28f,normal_noniid,28f,6,DDoS-ICMP_Flood,44941,25,59,1365178,0.9999404341077136,0.9994440243739714,0.9986888888888888,0.999066313940822,0.9999816877050519,1.8312294948077318e-05,0.0013111111111111112,45000
E2,exp_bench30_normal_qifa_28f,normal_noniid,28f,7,DDoS-ICMP_Fragmentation,44038,215,962,1364988,0.9991653683902246,0.9951415723227803,0.9786222222222222,0.9868127681982678,0.9998425142634465,0.00015748573655346494,0.021377777777777777,45000
E2,exp_bench30_normal_qifa_28f,normal_noniid,28f,8,DDoS-PSHACK_Flood,44901,221,99,1364982,0.9997730823150993,0.9951021674571162,0.9978,0.9964492576729322,0.999838119312659,0.0001618806873410035,0.0022,45000
E2,exp_bench30_normal_qifa_28f,normal_noniid,28f,9,DDoS-RSTFINFlood,44955,0,45,1365203,0.9999680897005608,1.0,0.999,0.9994997498749374,1.0,0.0,0.001,45000
E2,exp_bench30_normal_qifa_28f,normal_noniid,28f,10,DDoS-SYN_Flood,42092,1213,2908,1363990,0.9970777256891383,0.971989377670015,0.9353777777777778,0.9533322008946266,0.9991114874491193,0.0008885125508807115,0.06462222222222222,45000
E2,exp_bench30_normal_qifa_28f,normal_noniid,28f,11,DDoS-SlowLoris,43617,4408,1383,1360795,0.995893499021063,0.9082144716293598,0.9692666666666667,0.9377479172265519,0.996771176154755,0.003228823845244993,0.030733333333333335,45000
E2,exp_bench30_normal_qifa_28f,normal_noniid,28f,12,DDoS-SynonymousIP_Flood,44948,2855,52,1362348,0.9979385946562304,0.94027571491329,0.9988444444444444,0.9686755816083531,0.9979087359169295,0.0020912640830704297,0.0011555555555555555,45000
E2,exp_bench30_normal_qifa_28f,normal_noniid,28f,13,DDoS-TCP_Flood,44915,266,85,1364937,0.9997510996643746,0.9941125694429074,0.9981111111111111,0.9961078275911776,0.9998051571817524,0.00019484281824754267,0.001888888888888889,45000
E2,exp_bench30_normal_qifa_28f,normal_noniid,28f,14,DDoS-UDP_Flood,44806,431,194,1364772,0.9995568013966784,0.9904724009107589,0.9956888888888888,0.9930737945632058,0.9996842960350951,0.000315703964904853,0.004311111111111111,45000
E2,exp_bench30_normal_qifa_28f,normal_noniid,28f,15,DDoS-UDP_Fragmentation,44392,661,608,1364542,0.9991001295558157,0.9853283910061483,0.9864888888888889,0.9859082984464704,0.9995158229215728,0.0004841770784271643,0.013511111111111111,45000
E2,exp_bench30_normal_qifa_28f,normal_noniid,28f,16,DNS_Spoofing,16157,7572,28843,1357631,0.9741774765760675,0.6808967929537697,0.35904444444444444,0.47016543235024516,0.9944535721061264,0.005546427893873659,0.6409555555555555,45000
E2,exp_bench30_normal_qifa_28f,normal_noniid,28f,17,DictionaryBruteForce,29609,8245,15391,1356958,0.9832392924990232,0.7821894647857558,0.6579777777777778,0.714727110338668,0.993960605126124,0.0060393948738759,0.3420222222222222,45000
E2,exp_bench30_normal_qifa_28f,normal_noniid,28f,18,DoS-HTTP_Flood,43693,4221,1307,1360982,0.9960799969933407,0.911904662520349,0.9709555555555556,0.9405041220913964,0.9969081521209666,0.0030918478790333747,0.029044444444444446,45000
E2,exp_bench30_normal_qifa_28f,normal_noniid,28f,19,DoS-SYN_Flood,44366,705,634,1364498,0.9990504913122437,0.9843580129129595,0.9859111111111111,0.9851339498839804,0.9994835932824642,0.0005164067175357804,0.014088888888888889,45000
E2,exp_bench30_normal_qifa_28f,normal_noniid,28f,20,DoS-TCP_Flood,44691,42,309,1365161,0.9997510996643746,0.9990610958352893,0.9931333333333333,0.9960883955735348,0.9999692353444872,3.07646555127699e-05,0.006866666666666667,45000
E2,exp_bench30_normal_qifa_28f,normal_noniid,28f,21,DoS-UDP_Flood,44695,243,305,1364960,0.9996114034646075,0.9945925497351907,0.9932222222222222,0.9939069136516268,0.9998220044931047,0.00017799550689531155,0.0067777777777777775,45000
E2,exp_bench30_normal_qifa_28f,normal_noniid,28f,22,MITM-ArpSpoofing,29628,10311,15372,1354892,0.9817877284334241,0.7418312927214001,0.6584,0.6976300639282308,0.992447277071615,0.007552722928385009,0.3416,45000
E2,exp_bench30_normal_qifa_28f,normal_noniid,28f,23,Mirai-greeth_flood,44373,3600,627,1361603,0.997002559206015,0.9249577887561754,0.9860666666666666,0.95453518763512,0.9973630295274769,0.002636970472523134,0.013933333333333334,45000
E2,exp_bench30_normal_qifa_28f,normal_noniid,28f,24,Mirai-greip_flood,40955,442,4045,1364761,0.9968181885870332,0.9893228977945262,0.9101111111111111,0.9480653263423497,0.999676238625318,0.000323761374682007,0.0898888888888889,45000
E2,exp_bench30_normal_qifa_28f,normal_noniid,28f,25,Mirai-udpplain,44661,196,339,1365007,0.9996206219955567,0.9956305593329915,0.9924666666666667,0.9940460954627909,0.9998564316076071,0.00014356839239292618,0.007533333333333334,45000
E2,exp_bench30_normal_qifa_28f,normal_noniid,28f,26,Recon-HostDiscovery,11646,196,33354,1365007,0.9762090989736939,0.9834487417665935,0.2588,0.4097674254952323,0.9998564316076071,0.00014356839239292618,0.7412,45000
E2,exp_bench30_normal_qifa_28f,normal_noniid,28f,27,Recon-OSScan,19248,17044,25752,1348159,0.9696525961155947,0.5303648186928248,0.42773333333333335,0.47355213305122273,0.9875154097961988,0.012484590203801193,0.5722666666666667,45000
E2,exp_bench30_normal_qifa_28f,normal_noniid,28f,28,Recon-PingSweep,13356,21239,3609,1371999,0.9823798417674618,0.3860673507732331,0.7872679045092839,0.518076027928627,0.984755655530498,0.01524434446950198,0.21273209549071617,16965
E2,exp_bench30_normal_qifa_28f,normal_noniid,28f,29,Recon-PortScan,18293,29353,26707,1335850,0.9602468580764614,0.38393569239810266,0.4065111111111111,0.39490102109103464,0.9784991682555635,0.02150083174443654,0.5934888888888888,45000
E2,exp_bench30_normal_qifa_28f,normal_noniid,28f,30,SqlInjection,23811,18073,15527,1352792,0.9761736430854281,0.5684987107248591,0.605292592404291,0.5863189776169018,0.9868163531784676,0.013183646821532391,0.394707407595709,39338
E2,exp_bench30_normal_qifa_28f,normal_noniid,28f,31,Uploading_Attack,7361,54445,2029,1346368,0.9599532833216211,0.11909846940426495,0.7839190628328009,0.20678127984718242,0.9611332847425031,0.038866715257496895,0.21608093716719914,9390
E2,exp_bench30_normal_qifa_28f,normal_noniid,28f,32,VulnerabilityScan,43482,3690,1518,1361513,0.9963069146782414,0.9217756296107861,0.9662666666666667,0.9434969405025387,0.9972971052656638,0.0027028947343362125,0.03373333333333333,45000
E2,exp_bench30_normal_qifa_28f,normal_noniid,28f,33,XSS,0,0,22500,1387703,0.9840448502804207,NaN,0.0,NaN,1.0,0.0,1.0,22500
E3,exp_bench30_normal_fedavg_qga15,normal_noniid,QGA-15,0,Backdoor_Malware,1381,278,21119,1387425,0.9848270071755627,0.8324291742013261,0.06137777777777778,0.11432592408626185,0.9997996689493357,0.00020033105066429922,0.9386222222222222,22500
E3,exp_bench30_normal_fedavg_qga15,normal_noniid,QGA-15,1,BenignTraffic,38810,75371,6190,1289832,0.9421636459431727,0.3398989323968086,0.8624444444444445,0.48762101004516867,0.9447913606987386,0.05520863930126142,0.13755555555555554,45000
E3,exp_bench30_normal_fedavg_qga15,normal_noniid,QGA-15,2,BrowserHijacking,15248,17534,28694,1348727,0.9672189039450348,0.4651333048624245,0.34700286741613945,0.39747666962097905,0.9871664345245894,0.012833565475410627,0.6529971325838605,43942
E3,exp_bench30_normal_fedavg_qga15,normal_noniid,QGA-15,3,CommandInjection,15685,8072,24883,1361563,0.9766310240440561,0.660226459569811,0.38663478603825674,0.4876797512631169,0.9941064590201039,0.0058935409798961036,0.6133652139617433,40568
E3,exp_bench30_normal_fedavg_qga15,normal_noniid,QGA-15,4,DDoS-ACK_Fragmentation,44146,389,854,1364814,0.9991185666177139,0.9912652969574492,0.9810222222222222,0.9861171608868041,0.9997150606906079,0.0002849393093920831,0.018977777777777777,45000
E3,exp_bench30_normal_fedavg_qga15,normal_noniid,QGA-15,5,DDoS-HTTP_Flood,31562,863,13438,1364340,0.9898589068382353,0.973384734001542,0.7013777777777778,0.8152922182757507,0.9993678595783924,0.000632140421607629,0.29862222222222223,45000
E3,exp_bench30_normal_fedavg_qga15,normal_noniid,QGA-15,6,DDoS-ICMP_Flood,44938,5,62,1365198,0.9999524891097239,0.9998887479696504,0.9986222222222222,0.9992550837752798,0.9999963375410104,3.6624589896154637e-06,0.0013777777777777777,45000
E3,exp_bench30_normal_fedavg_qga15,normal_noniid,QGA-15,7,DDoS-ICMP_Fragmentation,44021,94,979,1365109,0.9992391166378174,0.9978692054856625,0.9782444444444445,0.9879593783313696,0.9999311457709952,6.885422900477071e-05,0.021755555555555556,45000
E3,exp_bench30_normal_fedavg_qga15,normal_noniid,QGA-15,8,DDoS-PSHACK_Flood,44454,377,546,1364826,0.9993454843026146,0.9915906404050768,0.9878666666666667,0.9897251505604968,0.9997238505921829,0.00027614940781700597,0.012133333333333333,45000
E3,exp_bench30_normal_fedavg_qga15,normal_noniid,QGA-15,9,DDoS-RSTFINFlood,44937,629,63,1364574,0.9995092905064022,0.9861958477812404,0.9986,0.9923591634829848,0.9995392626591064,0.00046073734089362536,0.0014,45000
E3,exp_bench30_normal_fedavg_qga15,normal_noniid,QGA-15,10,DDoS-SYN_Flood,42380,1533,2620,1363670,0.9970550339206483,0.9650900644456084,0.9417777777777778,0.9532914197024057,0.9988770900737839,0.0011229099262161013,0.058222222222222224,45000
E3,exp_bench30_normal_fedavg_qga15,normal_noniid,QGA-15,11,DDoS-SlowLoris,42114,12089,2886,1353114,0.9893809614644132,0.776968064498275,0.9358666666666666,0.849046903823473,0.9911449066549077,0.008855093345092269,0.06413333333333333,45000
E3,exp_bench30_normal_fedavg_qga15,normal_noniid,QGA-15,12,DDoS-SynonymousIP_Flood,44874,2029,126,1363174,0.998471851215747,0.9567405070038164,0.9972,0.9765513639380651,0.998513774142014,0.0014862258579859552,0.0028,45000
E3,exp_bench30_normal_fedavg_qga15,normal_noniid,QGA-15,13,DDoS-TCP_Flood,44876,48,124,1365155,0.9998780317443658,0.9989315288042027,0.9972444444444445,0.9980872736977893,0.9999648403936997,3.5159606300308455e-05,0.0027555555555555554,45000
E3,exp_bench30_normal_fedavg_qga15,normal_noniid,QGA-15,14,DDoS-UDP_Flood,44420,232,580,1364971,0.9994241963745645,0.9948042640867151,0.9871111111111112,0.990942756435997,0.9998300619028818,0.00016993809711815752,0.012888888888888889,45000
E3,exp_bench30_normal_fedavg_qga15,normal_noniid,QGA-15,15,DDoS-UDP_Fragmentation,44295,425,705,1364778,0.9991986969251945,0.9904964221824687,0.9843333333333333,0.9874052608114132,0.9996886909858826,0.0003113090141173144,0.015666666666666666,45000
E3,exp_bench30_normal_fedavg_qga15,normal_noniid,QGA-15,16,DNS_Spoofing,13200,5576,31800,1359627,0.9734960144036,0.7030251384746485,0.29333333333333333,0.4139488208730557,0.9959156257347809,0.004084374265219165,0.7066666666666667,45000
E3,exp_bench30_normal_fedavg_qga15,normal_noniid,QGA-15,17,DictionaryBruteForce,22045,60347,22955,1304856,0.94092907191376,0.26756238469754345,0.4898888888888889,0.3460970861592565,0.9557963174707351,0.044203682529264876,0.5101111111111111,45000
E3,exp_bench30_normal_fedavg_qga15,normal_noniid,QGA-15,18,DoS-HTTP_Flood,43513,4945,1487,1360258,0.9954389545334963,0.8979528663997689,0.9669555555555556,0.9311776412934153,0.9963778280592703,0.0036221719407296938,0.033044444444444446,45000
E3,exp_bench30_normal_fedavg_qga15,normal_noniid,QGA-15,19,DoS-SYN_Flood,44008,1523,992,1363680,0.9982165688202337,0.9665502624585447,0.9779555555555556,0.972219460737206,0.9988844149917632,0.0011155850082368703,0.022044444444444443,45000
E3,exp_bench30_normal_fedavg_qga15,normal_noniid,QGA-15,20,DoS-TCP_Flood,44758,102,242,1365101,0.9997560634887318,0.9977262594739189,0.9946222222222222,0.996171822835522,0.9999252858366119,7.471416338815547e-05,0.005377777777777778,45000
E3,exp_bench30_normal_fedavg_qga15,normal_noniid,QGA-15,21,DoS-UDP_Flood,44802,676,198,1364527,0.999380231073115,0.9851356699942829,0.9956,0.9903401931961362,0.999504835544604,0.0004951644553960107,0.0044,45000
E3,exp_bench30_normal_fedavg_qga15,normal_noniid,QGA-15,22,MITM-ArpSpoofing,23102,7823,21898,1357380,0.9789243108970836,0.7470331447049313,0.5133777777777778,0.6085479091208429,0.9942697166648476,0.005730283335152355,0.48662222222222223,45000
E3,exp_bench30_normal_fedavg_qga15,normal_noniid,QGA-15,23,Mirai-greeth_flood,44170,2704,830,1362499,0.997493977817378,0.9423134360199684,0.9815555555555555,0.9615342752029954,0.9980193421784159,0.001980657821584043,0.018444444444444444,45000
E3,exp_bench30_normal_fedavg_qga15,normal_noniid,QGA-15,24,Mirai-greip_flood,41905,649,3095,1364554,0.997345063086662,0.9847487897729943,0.9312222222222222,0.9572378189460219,0.9995246128231479,0.0004753871768520872,0.06877777777777777,45000
E3,exp_bench30_normal_fedavg_qga15,normal_noniid,QGA-15,25,Mirai-udpplain,44641,182,359,1365021,0.9996163672889647,0.9959395845882694,0.9920222222222222,0.9939770437415806,0.999866686492778,0.00013331350722200287,0.007977777777777778,45000
E3,exp_bench30_normal_fedavg_qga15,normal_noniid,QGA-15,26,Recon-HostDiscovery,12157,515,32843,1364688,0.9763452495846343,0.9593592171717171,0.27015555555555554,0.42159106672215285,0.9996227667240696,0.0003772332759303928,0.7298444444444444,45000
E3,exp_bench30_normal_fedavg_qga15,normal_noniid,QGA-15,27,Recon-OSScan,8458,13487,36542,1351716,0.964523547319074,0.38541809068124855,0.18795555555555554,0.2526850399581746,0.9901208831214112,0.009879116878588752,0.8120444444444445,45000
E3,exp_bench30_normal_fedavg_qga15,normal_noniid,QGA-15,28,Recon-PingSweep,7988,38227,8977,1355011,0.9665268050060878,0.17284431461646652,0.4708517536103743,0.2528648306426084,0.9725624767627642,0.02743752323723585,0.5291482463896257,16965
E3,exp_bench30_normal_fedavg_qga15,normal_noniid,QGA-15,29,Recon-PortScan,16341,23750,28659,1341453,0.962835847037625,0.4075977151979247,0.3631333333333333,0.38408292298833013,0.9826033197993266,0.01739668020067345,0.6368666666666667,45000
E3,exp_bench30_normal_fedavg_qga15,normal_noniid,QGA-15,30,SqlInjection,14738,14865,24600,1356000,0.9720146673918578,0.49785494713373646,0.37465046519904416,0.4275539954453808,0.989156481491613,0.01084351850838704,0.6253495348009558,39338
E3,exp_bench30_normal_fedavg_qga15,normal_noniid,QGA-15,31,Uploading_Attack,5071,47166,4319,1353647,0.9634910718527758,0.0970767846545552,0.5400425985090522,0.16457072387103058,0.9663295529096317,0.03367044709036823,0.4599574014909478,9390
E3,exp_bench30_normal_fedavg_qga15,normal_noniid,QGA-15,32,VulnerabilityScan,42904,5756,2096,1359447,0.9944320073067494,0.8817098232634607,0.9534222222222222,0.9161648515908605,0.9957837772111546,0.004216222788845322,0.04657777777777778,45000
E3,exp_bench30_normal_fedavg_qga15,normal_noniid,QGA-15,33,XSS,0,0,22500,1387703,0.9840448502804207,NaN,0.0,NaN,1.0,0.0,1.0,22500
E4,exp_bench30_normal_qifa_qga15,normal_noniid,QGA-15,0,Backdoor_Malware,1402,356,21098,1387347,0.9847865874629397,0.7974971558589306,0.06231111111111111,0.11559073295407701,0.9997434609567033,0.00025653904329672847,0.9376888888888889,22500
E4,exp_bench30_normal_qifa_qga15,normal_noniid,QGA-15,1,BenignTraffic,38541,69455,6459,1295748,0.9461680339639045,0.35687432867883995,0.8564666666666667,0.5038170932573401,0.9491247821752516,0.05087521782474841,0.14353333333333335,45000
E4,exp_bench30_normal_qifa_qga15,normal_noniid,QGA-15,2,BrowserHijacking,16675,18723,27267,1347538,0.9673876739731797,0.4710718119667778,0.37947749305903233,0.4203428283337534,0.9862961762064496,0.013703823793550427,0.6205225069409677,43942
E4,exp_bench30_normal_qifa_qga15,normal_noniid,QGA-15,3,CommandInjection,17416,12831,23152,1356804,0.9744838154506833,0.5757926405924555,0.4293038848353382,0.4918731907081833,0.9906318106648851,0.00936818933511483,0.5706961151646618,40568
E4,exp_bench30_normal_qifa_qga15,normal_noniid,QGA-15,4,DDoS-ACK_Fragmentation,44130,354,870,1364849,0.9991320398552549,0.9920420825465336,0.9806666666666667,0.9863215770417058,0.9997406979035353,0.00025930209646477485,0.019333333333333334,45000
E4,exp_bench30_normal_qifa_qga15,normal_noniid,QGA-15,5,DDoS-HTTP_Flood,30848,731,14152,1364472,0.9894462002988222,0.9768517052471579,0.6855111111111111,0.8056516799644812,0.9994645484957182,0.0005354515042817808,0.3144888888888889,45000
E4,exp_bench30_normal_qifa_qga15,normal_noniid,QGA-15,6,DDoS-ICMP_Flood,44939,10,61,1365193,0.9999496526386626,0.99977752564017,0.9986444444444444,0.9992106638206094,0.9999926750820207,7.3249179792309275e-06,0.0013555555555555556,45000
E4,exp_bench30_normal_qifa_qga15,normal_noniid,QGA-15,7,DDoS-ICMP_Fragmentation,44049,79,951,1365124,0.9992696087017259,0.998209753444525,0.9788666666666667,0.988443586751638,0.9999421331479641,5.786685203592433e-05,0.021133333333333334,45000
E4,exp_bench30_normal_qifa_qga15,normal_noniid,QGA-15,8,DDoS-PSHACK_Flood,44501,414,499,1364789,0.9993525754802677,0.9907825893354113,0.9889111111111111,0.9898459656342101,0.9996967483956598,0.0003032516043401604,0.01108888888888889,45000
E4,exp_bench30_normal_qifa_qga15,normal_noniid,QGA-15,9,DDoS-RSTFINFlood,44936,615,64,1364588,0.9995185090373514,0.9864986498649865,0.9985777777777778,0.9925014632637962,0.9995495175442773,0.000450482455722702,0.0014222222222222223,45000
E4,exp_bench30_normal_qifa_qga15,normal_noniid,QGA-15,10,DDoS-SYN_Flood,41798,1023,3202,1364180,0.9970039774415457,0.9761098526423951,0.9288444444444445,0.9518907778321813,0.9992506608907247,0.0007493391092753239,0.07115555555555556,45000
E4,exp_bench30_normal_qifa_qga15,normal_noniid,QGA-15,11,DDoS-SlowLoris,42239,14570,2761,1350633,0.987710280009332,0.7435265538911088,0.9386444444444444,0.829769470282588,0.9893275945042606,0.010672405495739461,0.06135555555555556,45000
E4,exp_bench30_normal_qifa_qga15,normal_noniid,QGA-15,12,DDoS-SynonymousIP_Flood,44841,1946,159,1363257,0.9985073071040127,0.9584072498771026,0.9964666666666666,0.9770664691078257,0.9985745709612417,0.0014254290387583385,0.003533333333333333,45000
E4,exp_bench30_normal_qifa_qga15,normal_noniid,QGA-15,13,DDoS-TCP_Flood,44839,66,161,1365137,0.9998390302672736,0.9985302304865827,0.9964222222222222,0.9974751126188754,0.999951655541337,4.8344458662924125e-05,0.003577777777777778,45000
E4,exp_bench30_normal_qifa_qga15,normal_noniid,QGA-15,14,DDoS-UDP_Flood,44564,216,436,1364987,0.9995376552170149,0.9951764180437696,0.9903111111111111,0.9927378035197149,0.9998417817716486,0.00015821822835138805,0.00968888888888889,45000
E4,exp_bench30_normal_qifa_qga15,normal_noniid,QGA-15,15,DDoS-UDP_Fragmentation,44282,391,718,1364812,0.999213588398266,0.991247509681463,0.9840444444444445,0.9876328437768337,0.9997135957070121,0.00028640429298792925,0.015955555555555556,45000
E4,exp_bench30_normal_qifa_qga15,normal_noniid,QGA-15,16,DNS_Spoofing,10250,3264,34750,1361939,0.9730435972693293,0.7584726949829806,0.22777777777777777,0.3503435075366579,0.9976091467715791,0.002390853228420975,0.7722222222222223,45000
E4,exp_bench30_normal_qifa_qga15,normal_noniid,QGA-15,17,DictionaryBruteForce,21233,53087,23767,1312116,0.9455014632645087,0.28569698600645854,0.47184444444444446,0.3559001005698961,0.9611142079236568,0.038885792076343226,0.5281555555555556,45000
E4,exp_bench30_normal_qifa_qga15,normal_noniid,QGA-15,18,DoS-HTTP_Flood,43519,4640,1481,1360563,0.9956594901585091,0.9036524844784983,0.9670888888888889,0.934295129831793,0.9966012380576369,0.0033987619423631503,0.03291111111111111,45000
E4,exp_bench30_normal_qifa_qga15,normal_noniid,QGA-15,19,DoS-SYN_Flood,43985,2050,1015,1363153,0.9978265540493106,0.9554686651460845,0.9774444444444444,0.9663316306914923,0.9984983918142577,0.00150160818574234,0.022555555555555554,45000
E4,exp_bench30_normal_qifa_qga15,normal_noniid,QGA-15,20,DoS-TCP_Flood,44762,215,238,1364988,0.9996787696523125,0.9952197789981546,0.9947111111111111,0.9949653800415662,0.9998425142634465,0.00015748573655346494,0.005288888888888889,45000
E4,exp_bench30_normal_qifa_qga15,normal_noniid,QGA-15,21,DoS-UDP_Flood,44810,525,190,1364678,0.9994929807978,0.9884195433991397,0.9957777777777778,0.9920850168816073,0.9996154418060904,0.0003845581939096237,0.004222222222222222,45000
E4,exp_bench30_normal_qifa_qga15,normal_noniid,QGA-15,22,MITM-ArpSpoofing,24171,9070,20829,1356133,0.9787980879348576,0.7271441894046509,0.5371333333333334,0.6178602011732979,0.9933562993928375,0.006643700607162451,0.46286666666666665,45000
E4,exp_bench30_normal_qifa_qga15,normal_noniid,QGA-15,23,Mirai-greeth_flood,44294,4268,706,1360935,0.996472848235325,0.9121123512211194,0.9843111111111111,0.9468373912485838,0.9968737250064642,0.00312627499353576,0.015688888888888888,45000
E4,exp_bench30_normal_qifa_qga15,normal_noniid,QGA-15,24,Mirai-greip_flood,40320,514,4680,1364689,0.9963168423269557,0.987412450408973,0.896,0.9394878486380689,0.9996234992158676,0.00037650078413246967,0.104,45000
E4,exp_bench30_normal_qifa_qga15,normal_noniid,QGA-15,25,Mirai-udpplain,44624,142,376,1365061,0.999632676997567,0.9968279497833177,0.9916444444444444,0.9942294409910211,0.9998959861646949,0.00010401383530507917,0.008355555555555555,45000
E4,exp_bench30_normal_qifa_qga15,normal_noniid,QGA-15,26,Recon-HostDiscovery,10075,288,34925,1364915,0.9750298361299756,0.9722088198398148,0.2238888888888889,0.36396149052616367,0.9997890423621981,0.0002109576378018507,0.7761111111111111,45000
E4,exp_bench30_normal_qifa_qga15,normal_noniid,QGA-15,27,Recon-OSScan,7530,12927,37470,1352276,0.9642625919814382,0.3680891626338173,0.16733333333333333,0.2300747055318759,0.9905310785282482,0.00946892147175182,0.8326666666666667,45000
E4,exp_bench30_normal_qifa_qga15,normal_noniid,QGA-15,28,Recon-PingSweep,8680,47778,8285,1345460,0.9602447307231654,0.15374260512239188,0.5116416150898909,0.23643817332443512,0.9657072230300925,0.03429277696990751,0.488358384910109,16965
E4,exp_bench30_normal_qifa_qga15,normal_noniid,QGA-15,29,Recon-PortScan,16654,27211,28346,1337992,0.9606035443124146,0.3796648808845321,0.3700888888888889,0.3748157317279019,0.9800681656867147,0.01993183431328528,0.6299111111111111,45000
E4,exp_bench30_normal_qifa_qga15,normal_noniid,QGA-15,30,SqlInjection,11950,9430,27388,1361435,0.9738917021166457,0.558933582787652,0.3037775179216025,0.393622978358971,0.9931211315483289,0.006878868451671025,0.6962224820783974,39338
E4,exp_bench30_normal_qifa_qga15,normal_noniid,QGA-15,31,Uploading_Attack,5333,53270,4057,1347543,0.9593484058678077,0.09100216712454993,0.5679446219382321,0.156869089465092,0.9619720833544521,0.03802791664554798,0.43205537806176786,9390
E4,exp_bench30_normal_qifa_qga15,normal_noniid,QGA-15,32,VulnerabilityScan,41885,5669,3115,1359534,0.9937711095494762,0.8807881566219455,0.9307777777777778,0.9050932428636256,0.9958475039975739,0.004152496002426013,0.06922222222222223,45000
E4,exp_bench30_normal_qifa_qga15,normal_noniid,QGA-15,33,XSS,0,0,22500,1387703,0.9840448502804207,NaN,0.0,NaN,1.0,0.0,1.0,22500
E5,exp_bench30_absent_fedavg_28f,absent_local,28f,0,Backdoor_Malware,758,3305,3834,1068605,0.9933683355906445,0.18656165395028304,0.16506968641114983,0.17515886770652803,0.996916718754373,0.003083281245626965,0.8349303135888502,4592
E5,exp_bench30_absent_fedavg_28f,absent_local,28f,1,BenignTraffic,42194,68321,2806,963181,0.9339276657172955,0.3817943265620052,0.9376444444444444,0.5426357586084943,0.933765518632053,0.06623448136794693,0.06235555555555555,45000
E5,exp_bench30_absent_fedavg_28f,absent_local,28f,2,BrowserHijacking,14880,6459,27690,1027473,0.96827781090978,0.6973147757626881,0.34954193093727975,0.4656621133173731,0.993752974083402,0.006247025916597997,0.6504580690627202,42570
E5,exp_bench30_absent_fedavg_28f,absent_local,28f,3,CommandInjection,1964,7,27600,1046931,0.9743549013378516,0.9964485032978183,0.06643214720606143,0.12456001268431902,0.9999933138352032,6.686164796769245e-06,0.9335678527939386,29564
E5,exp_bench30_absent_fedavg_28f,absent_local,28f,4,DDoS-ACK_Fragmentation,9,0,17187,1059306,0.9840344003076632,1.0,0.00052337752965806,0.0010462074978204012,1.0,0.0,0.999476622470342,17196
E5,exp_bench30_absent_fedavg_28f,absent_local,28f,5,DDoS-HTTP_Flood,41631,16519,3369,1014983,0.9815253478395767,0.7159243336199484,0.9251333333333334,0.8071934076587494,0.9839854891216886,0.016014510878311433,0.07486666666666666,45000
E5,exp_bench30_absent_fedavg_28f,absent_local,28f,6,DDoS-ICMP_Flood,0,0,1172,1075330,0.9989112885995567,NaN,0.0,NaN,1.0,0.0,1.0,1172
E5,exp_bench30_absent_fedavg_28f,absent_local,28f,7,DDoS-ICMP_Fragmentation,44445,16570,555,1014932,0.9840919942554682,0.7284274358764238,0.9876666666666667,0.8384662547752676,0.9839360466581742,0.016063953341825803,0.012333333333333333,45000
E5,exp_bench30_absent_fedavg_28f,absent_local,28f,8,DDoS-PSHACK_Flood,2401,364,4,1073733,0.9996581520517379,0.8683544303797468,0.9983367983367983,0.9288201160541586,0.99966111068181,0.00033888931819007036,0.0016632016632016633,2405
E5,exp_bench30_absent_fedavg_28f,absent_local,28f,9,DDoS-RSTFINFlood,4960,0,7,1071535,0.9999934974575059,1.0,0.9985906986108315,0.9992948524226856,1.0,0.0,0.0014093013891685123,4967
E5,exp_bench30_absent_fedavg_28f,absent_local,28f,10,DDoS-SYN_Flood,42704,3537,2296,1027965,0.994581524233118,0.9235094396747475,0.9489777777777778,0.9360704069442466,0.996571019736268,0.0034289802637319173,0.05102222222222222,45000
E5,exp_bench30_absent_fedavg_28f,absent_local,28f,11,DDoS-SlowLoris,27967,2656,16833,1029046,0.9818959927617412,0.9132678052444241,0.6242633928571428,0.741604019993901,0.9974256132100161,0.0025743867899839295,0.3757366071428571,44800
E5,exp_bench30_absent_fedavg_28f,absent_local,28f,12,DDoS-SynonymousIP_Flood,44955,2852,45,1028650,0.9973088763420783,0.9403434643462254,0.999,0.968784682189921,0.9972350998834709,0.0027649001165291004,0.001,45000
E5,exp_bench30_absent_fedavg_28f,absent_local,28f,13,DDoS-TCP_Flood,14762,1671,5645,1054424,0.9932039141590076,0.898314367431388,0.7233792326162591,0.8014115092290989,0.9984177559783921,0.0015822440216079045,0.27662076738374086,20407
E5,exp_bench30_absent_fedavg_28f,absent_local,28f,14,DDoS-UDP_Flood,39146,3736,386,1033234,0.9961709314056082,0.9128771978918894,0.9902357583729636,0.9499842259810226,0.9963971956758634,0.0036028043241366674,0.009764241627036326,39532
E5,exp_bench30_absent_fedavg_28f,absent_local,28f,15,DDoS-UDP_Fragmentation,25686,150,528,1050138,0.9993701823127128,0.9941941477008824,0.9798580910963607,0.9869740634005763,0.9998571820300718,0.00014281796992824826,0.020141908903639278,26214
E5,exp_bench30_absent_fedavg_28f,absent_local,28f,16,DNS_Spoofing,12082,27710,32918,1003792,0.9436805505238263,0.3036288701246482,0.2684888888888889,0.28497971506745917,0.9731362614905255,0.026863738509474534,0.7315111111111111,45000
E5,exp_bench30_absent_fedavg_28f,absent_local,28f,17,DictionaryBruteForce,11007,54,32124,1033317,0.9701087410891944,0.9951179820992677,0.25519927662238295,0.4062223206377325,0.9999477438403052,5.2256159694824024e-05,0.744800723377617,43131
E5,exp_bench30_absent_fedavg_28f,absent_local,28f,18,DoS-HTTP_Flood,43512,3851,1488,1027651,0.9950404179462742,0.9186918058400017,0.9669333333333333,0.9421954678821607,0.9962666092746306,0.0037333907253694126,0.03306666666666667,45000
E5,exp_bench30_absent_fedavg_28f,absent_local,28f,19,DoS-SYN_Flood,0,5,1560,1074937,0.9985462172852443,0.0,0.0,NaN,0.9999953485862493,4.651413750695386e-06,1.0,1560
E5,exp_bench30_absent_fedavg_28f,absent_local,28f,20,DoS-TCP_Flood,42724,5632,453,1027693,0.9943474327033298,0.8835304822565969,0.9895083030317067,0.9335212437044563,0.994549633464786,0.005450366535213994,0.010491696968293305,43177
E5,exp_bench30_absent_fedavg_28f,absent_local,28f,21,DoS-UDP_Flood,3252,342,3491,1069417,0.9964393935171509,0.9048414023372288,0.4822779178407237,0.6291960917093935,0.9996803018249905,0.0003196981750095115,0.5177220821592763,6743
E5,exp_bench30_absent_fedavg_28f,absent_local,28f,22,MITM-ArpSpoofing,28056,11355,16944,1020147,0.9737120785655763,0.7118824693613458,0.6234666666666666,0.6647474855172905,0.9889917809175358,0.011008219082464212,0.37653333333333333,45000
E5,exp_bench30_absent_fedavg_28f,absent_local,28f,23,Mirai-greeth_flood,44816,45268,184,986234,0.957778062651068,0.4974912304071755,0.9959111111111111,0.6635278789493945,0.9561144816006174,0.04388551839938265,0.004088888888888889,45000
E5,exp_bench30_absent_fedavg_28f,absent_local,28f,24,Mirai-greip_flood,0,1,44798,1031703,0.9583846569723048,0.0,0.0,NaN,0.9999990307297442,9.692702558098058e-07,1.0,44798
E5,exp_bench30_absent_fedavg_28f,absent_local,28f,25,Mirai-udpplain,25426,31,18205,1032840,0.9830599478681878,0.9987822602820442,0.5827507964520638,0.7360467809170913,0.9999699865714111,3.0013428588855722e-05,0.4172492035479361,43631
E5,exp_bench30_absent_fedavg_28f,absent_local,28f,26,Recon-HostDiscovery,0,1,36845,1039656,0.9657724741802616,0.0,0.0,NaN,0.999999038144311,9.61855688943565e-07,1.0,36845
E5,exp_bench30_absent_fedavg_28f,absent_local,28f,27,Recon-OSScan,27066,71941,17934,959561,0.9165119990487709,0.2733746098760694,0.6014666666666667,0.3758983938280778,0.9302560731826017,0.06974392681739831,0.39853333333333335,45000
E5,exp_bench30_absent_fedavg_28f,absent_local,28f,28,Recon-PingSweep,14445,52276,2520,1007261,0.9490980973560662,0.21649855367875181,0.8514588859416445,0.3452190330521234,0.9506614681695873,0.049338531830412716,0.14854111405835543,16965
E5,exp_bench30_absent_fedavg_28f,absent_local,28f,29,Recon-PortScan,9,45,44541,1031907,0.9585825200510543,0.16666666666666666,0.00020202020202020202,0.0004035512510088781,0.9999563933206196,4.3606679380436296e-05,0.9997979797979798,44550
E5,exp_bench30_absent_fedavg_28f,absent_local,28f,30,SqlInjection,21344,22318,17994,1014846,0.9625527867110326,0.4888461362282992,0.5425796939346179,0.5143132530120481,0.9784817058825798,0.021518294117420195,0.4574203060653821,39338
E5,exp_bench30_absent_fedavg_28f,absent_local,28f,31,Uploading_Attack,0,0,5167,1071335,0.995200194704701,NaN,0.0,NaN,1.0,0.0,1.0,5167
E5,exp_bench30_absent_fedavg_28f,absent_local,28f,32,VulnerabilityScan,37731,826,6947,1030998,0.992779391027606,0.9785771714604352,0.8445096020412731,0.906613804289061,0.9991994758796073,0.0008005241203926251,0.15549039795872688,44678
E5,exp_bench30_absent_fedavg_28f,absent_local,28f,33,XSS,12291,36476,10209,1017526,0.9566326862374617,0.2520351877294072,0.5462666666666667,0.3449282276509465,0.9653928550420208,0.03460714495797921,0.4537333333333333,22500
E6,exp_bench30_absent_qifa_28f,absent_local,28f,0,Backdoor_Malware,687,2640,3905,1069270,0.9939201227680022,0.20649233543733092,0.14960801393728224,0.17350675590352319,0.9975371066600741,0.0024628933399259267,0.8503919860627178,4592
E6,exp_bench30_absent_qifa_28f,absent_local,28f,1,BenignTraffic,40929,50193,4071,981309,0.949592290585619,0.44916705076710345,0.9095333333333333,0.60135760567726,0.9513398907612395,0.04866010923876057,0.09046666666666667,45000
E6,exp_bench30_absent_qifa_28f,absent_local,28f,2,BrowserHijacking,13103,4481,29467,1029451,0.9684645267728254,0.7451660600545951,0.3077989194268264,0.4356485021777438,0.9956660592766255,0.004333940723374458,0.6922010805731736,42570
E6,exp_bench30_absent_qifa_28f,absent_local,28f,3,CommandInjection,3742,14,25822,1046924,0.9760000445888628,0.996272630457934,0.12657285888242456,0.22460984393757505,0.9999866276704065,1.337232959353849e-05,0.8734271411175755,29564
E6,exp_bench30_absent_qifa_28f,absent_local,28f,4,DDoS-ACK_Fragmentation,1,0,17195,1059306,0.984026968830527,1.0,5.8153058850895555e-05,0.00011629935453858232,1.0,0.0,0.9999418469411491,17196
E6,exp_bench30_absent_qifa_28f,absent_local,28f,5,DDoS-HTTP_Flood,38501,12236,6499,1019266,0.9825964094818217,0.75883477541045,0.8555777777777778,0.8043076344568975,0.9881376865968268,0.011862313403173237,0.14442222222222223,45000
E6,exp_bench30_absent_qifa_28f,absent_local,28f,6,DDoS-ICMP_Flood,0,0,1172,1075330,0.9989112885995567,NaN,0.0,NaN,1.0,0.0,1.0,1172
E6,exp_bench30_absent_qifa_28f,absent_local,28f,7,DDoS-ICMP_Fragmentation,44401,16472,599,1015030,0.984142156726137,0.7294038407832701,0.9866888888888888,0.8387596459909515,0.9840310537449273,0.0159689462550727,0.01331111111111111,45000
E6,exp_bench30_absent_qifa_28f,absent_local,28f,8,DDoS-PSHACK_Flood,2400,596,5,1073501,0.999441710280148,0.8010680907877169,0.997920997920998,0.8887243103129051,0.9994451152921943,0.0005548847078057196,0.002079002079002079,2405
E6,exp_bench30_absent_qifa_28f,absent_local,28f,9,DDoS-RSTFINFlood,4957,0,10,1071535,0.9999907106535798,1.0,0.9979867123011879,0.9989923417976623,1.0,0.0,0.0020132876988121604,4967
E6,exp_bench30_absent_qifa_28f,absent_local,28f,10,DDoS-SYN_Flood,43798,15816,1202,1015686,0.984191390262164,0.7346931928741571,0.9732888888888889,0.8373257881354312,0.9846670195501317,0.01533298044986825,0.026711111111111113,45000
E6,exp_bench30_absent_qifa_28f,absent_local,28f,11,DDoS-SlowLoris,31674,2886,13126,1028816,0.9851258985120325,0.9164930555555556,0.7070089285714286,0.7982358870967743,0.997202680619016,0.0027973193809840437,0.29299107142857145,44800
E6,exp_bench30_absent_qifa_28f,absent_local,28f,12,DDoS-SynonymousIP_Flood,32840,2475,12160,1029027,0.9864050415140891,0.9299164660908962,0.7297777777777777,0.8177799912843179,0.9976005863294497,0.0023994136705503236,0.2702222222222222,45000
E6,exp_bench30_absent_qifa_28f,absent_local,28f,13,DDoS-TCP_Flood,383,273,20024,1055822,0.9811454135709919,0.5838414634146342,0.01876806977997746,0.03636708920856478,0.9997415005278881,0.00025849947211188385,0.9812319302200225,20407
E6,exp_bench30_absent_qifa_28f,absent_local,28f,14,DDoS-UDP_Flood,39432,6695,100,1030275,0.9936878891074982,0.8548572419624081,0.9974704037235658,0.9206738346233321,0.9935436897885185,0.006456310211481528,0.002529596276434281,39532
E6,exp_bench30_absent_qifa_28f,absent_local,28f,15,DDoS-UDP_Fragmentation,25706,147,508,1050141,0.9993915478094793,0.9943140061114765,0.9806210421911955,0.9874200549292258,0.9998600383894704,0.00013996161052968328,0.019378957808804456,26214
E6,exp_bench30_absent_qifa_28f,absent_local,28f,16,DNS_Spoofing,12534,22438,32466,1009064,0.9489977724147285,0.3584010065195013,0.27853333333333335,0.3134597108988146,0.9782472549738149,0.021752745026185117,0.7214666666666667,45000
E6,exp_bench30_absent_qifa_28f,absent_local,28f,17,DictionaryBruteForce,12041,29,31090,1033342,0.9710924828750899,0.9975973487986745,0.2791727527764253,0.4362602126773065,0.9999719365068306,2.8063493169442535e-05,0.7208272472235747,43131
E6,exp_bench30_absent_qifa_28f,absent_local,28f,18,DoS-HTTP_Flood,39265,12096,5735,1019406,0.9834361663982045,0.7644905667724539,0.8725555555555555,0.8149562582372537,0.988273411006474,0.011726588993525945,0.12744444444444444,45000
E6,exp_bench30_absent_qifa_28f,absent_local,28f,19,DoS-SYN_Flood,0,1,1560,1074941,0.9985499330238123,0.0,0.0,NaN,0.9999990697172498,9.302827501390773e-07,1.0,1560
E6,exp_bench30_absent_qifa_28f,absent_local,28f,20,DoS-TCP_Flood,42898,20105,279,1013220,0.9810645962571365,0.68088821167246,0.9935382263705214,0.8080241100018836,0.9805433914789635,0.01945660852103646,0.006461773629478657,43177
E6,exp_bench30_absent_qifa_28f,absent_local,28f,21,DoS-UDP_Flood,140,4,6603,1069755,0.9938625288201973,0.9722222222222222,0.020762271985763015,0.040656308987948316,0.9999962608400583,3.7391599416317133e-06,0.979237728014237,6743
E6,exp_bench30_absent_qifa_28f,absent_local,28f,22,MITM-ArpSpoofing,28965,13878,16035,1017624,0.9722127780533617,0.6760731041243611,0.6436666666666667,0.6594720125678769,0.9865458331636778,0.013454166836322178,0.35633333333333334,45000
E6,exp_bench30_absent_qifa_28f,absent_local,28f,23,Mirai-greeth_flood,44820,44581,180,986921,0.9584199564887014,0.5013366740864196,0.996,0.6669593232193213,0.956780500667958,0.04321949933204201,0.004,45000
E6,exp_bench30_absent_qifa_28f,absent_local,28f,24,Mirai-greip_flood,4,1,44794,1031703,0.9583883727108728,0.8,8.928970043305504e-05,0.00017855947146396445,0.9999990307297442,9.692702558098058e-07,0.9999107102995669,44798
E6,exp_bench30_absent_qifa_28f,absent_local,28f,25,Mirai-udpplain,32059,54,11572,1032817,0.9892002058519167,0.9983184380157568,0.7347757328504962,0.8465092944655682,0.9999477185437484,5.228145625155513e-05,0.2652242671495038,43631
E6,exp_bench30_absent_qifa_28f,absent_local,28f,26,Recon-HostDiscovery,0,0,36845,1039657,0.9657734031149037,NaN,0.0,NaN,1.0,0.0,1.0,36845
E6,exp_bench30_absent_qifa_28f,absent_local,28f,27,Recon-OSScan,28127,74103,16873,957399,0.9154892420079108,0.2751345006358212,0.6250444444444444,0.38208245602119134,0.92816010051362,0.07183989948638006,0.37495555555555554,45000
E6,exp_bench30_absent_qifa_28f,absent_local,28f,28,Recon-PingSweep,14596,49651,2369,1009886,0.9516768199223039,0.22718570516911296,0.8603595638078396,0.35945426784219076,0.953138965416026,0.04686103458397394,0.13964043619216032,16965
E6,exp_bench30_absent_qifa_28f,absent_local,28f,29,Recon-PortScan,5,7,44545,1031945,0.9586141038288828,0.4166666666666667,0.0001122334455667789,0.00022440644495309907,0.9999932167387631,6.783261236956758e-06,0.9998877665544332,44550
E6,exp_bench30_absent_qifa_28f,absent_local,28f,30,SqlInjection,22074,22136,17264,1015028,0.9633999751045516,0.49929880117620445,0.5611368142762723,0.5284148034662709,0.9786571843989957,0.02134281560100428,0.4388631857237277,39338
E6,exp_bench30_absent_qifa_28f,absent_local,28f,31,Uploading_Attack,0,0,5167,1071335,0.995200194704701,NaN,0.0,NaN,1.0,0.0,1.0,5167
E6,exp_bench30_absent_qifa_28f,absent_local,28f,32,VulnerabilityScan,39007,1520,5671,1030304,0.9933200309892597,0.9624941397093296,0.8730695196741125,0.9156035443929347,0.9985268805532727,0.0014731194467273489,0.12693048032588747,44678
E6,exp_bench30_absent_qifa_28f,absent_local,28f,33,XSS,14354,47531,8146,1006471,0.9482797059364497,0.23194635210471035,0.6379555555555556,0.34020264264976,0.9549042601437189,0.045095739856281104,0.36204444444444445,22500
E7,exp_bench30_absent_fedavg_qga15,absent_local,QGA-15,0,Backdoor_Malware,61,472,4531,1071438,0.9953525399859917,0.11444652908067542,0.01328397212543554,0.023804878048780488,0.9995596645240739,0.0004403354759261505,0.9867160278745645,4592
E7,exp_bench30_absent_fedavg_qga15,absent_local,QGA-15,1,BenignTraffic,42980,83402,2020,948100,0.9206485450096702,0.3400800746941811,0.9551111111111111,0.5015695930727847,0.9191450913328331,0.08085490866716691,0.04488888888888889,45000
E7,exp_bench30_absent_fedavg_qga15,absent_local,QGA-15,2,BrowserHijacking,1473,1509,41097,1032423,0.9604218106422469,0.4939637826961771,0.03460183227625088,0.06467334035827187,0.9985405229744316,0.0014594770255684127,0.9653981677237491,42570
E7,exp_bench30_absent_fedavg_qga15,absent_local,QGA-15,3,CommandInjection,17,0,29547,1046938,0.9725527681323397,1.0,0.0005750236774455419,0.0011493864304790236,1.0,0.0,0.9994249763225544,29564
E7,exp_bench30_absent_fedavg_qga15,absent_local,QGA-15,4,DDoS-ACK_Fragmentation,4,0,17192,1059306,0.984029755634453,1.0,0.00023261223540358222,0.00046511627906976747,1.0,0.0,0.9997673877645964,17196
E7,exp_bench30_absent_fedavg_qga15,absent_local,QGA-15,5,DDoS-HTTP_Flood,29126,12885,15874,1018617,0.9732847686302487,0.6932946133155602,0.6472444444444444,0.6694785716748457,0.9875085070121047,0.012491492987895321,0.35275555555555554,45000
E7,exp_bench30_absent_fedavg_qga15,absent_local,QGA-15,6,DDoS-ICMP_Flood,0,0,1172,1075330,0.9989112885995567,NaN,0.0,NaN,1.0,0.0,1.0,1172
E7,exp_bench30_absent_fedavg_qga15,absent_local,QGA-15,7,DDoS-ICMP_Fragmentation,6080,9864,38920,1021638,0.9546828524238692,0.38133467134972404,0.1351111111111111,0.19952743502231554,0.9904372458802795,0.009562754119720563,0.8648888888888889,45000
E7,exp_bench30_absent_fedavg_qga15,absent_local,QGA-15,8,DDoS-PSHACK_Flood,72,1069,2333,1073028,0.99683976434786,0.06310254163014899,0.02993762993762994,0.04060913705583757,0.9990047453814692,0.0009952546185307287,0.9700623700623701,2405
E7,exp_bench30_absent_fedavg_qga15,absent_local,QGA-15,9,DDoS-RSTFINFlood,707,97,4260,1071438,0.9959526317647343,0.8793532338308457,0.14233944030601972,0.24501819442037776,0.9999094756587512,9.052434124876929e-05,0.8576605596939803,4967
E7,exp_bench30_absent_fedavg_qga15,absent_local,QGA-15,10,DDoS-SYN_Flood,44154,43077,846,988425,0.9591984037187111,0.5061732640918939,0.9812,0.6678312952333416,0.9582385686115975,0.04176143138840254,0.0188,45000
E7,exp_bench30_absent_fedavg_qga15,absent_local,QGA-15,11,DDoS-SlowLoris,25713,8790,19087,1022912,0.9741040889845072,0.7452395443874446,0.5739508928571428,0.648474837017515,0.9914800979352565,0.008519902064743502,0.42604910714285715,44800
E7,exp_bench30_absent_fedavg_qga15,absent_local,QGA-15,12,DDoS-SynonymousIP_Flood,6793,1888,38207,1029614,0.9627543655283501,0.7825135353069923,0.15095555555555557,0.253087684655651,0.9981696593898994,0.0018303406101006106,0.8490444444444445,45000
E7,exp_bench30_absent_fedavg_qga15,absent_local,QGA-15,13,DDoS-TCP_Flood,18163,41252,2244,1014843,0.9595950588108522,0.3056972145081208,0.8900377321507326,0.45508756984290044,0.9609391200602219,0.039060879939778144,0.10996226784926741,20407
E7,exp_bench30_absent_fedavg_qga15,absent_local,QGA-15,14,DDoS-UDP_Flood,39389,52507,143,984463,0.9510915910978336,0.4286258379037172,0.996382677324699,0.5994004321757921,0.9493649768074294,0.05063502319257066,0.0036173226753010218,39532
E7,exp_bench30_absent_fedavg_qga15,absent_local,QGA-15,15,DDoS-UDP_Fragmentation,10,74,26204,1050214,0.9755894554770915,0.11904761904761904,0.00038147554741741054,0.0007605141075366947,0.9999295431348354,7.045686516460247e-05,0.9996185244525826,26214
E7,exp_bench30_absent_fedavg_qga15,absent_local,QGA-15,16,DNS_Spoofing,4015,7835,40985,1023667,0.9546494107767566,0.3388185654008439,0.08922222222222222,0.14124890061565523,0.9924042803600962,0.007595719639903752,0.9107777777777778,45000
E7,exp_bench30_absent_fedavg_qga15,absent_local,QGA-15,17,DictionaryBruteForce,14036,5,29095,1033366,0.9729680019173211,0.999643900007122,0.3254271869421066,0.49100958511159304,0.9999951614666949,4.8385333050762985e-06,0.6745728130578934,43131
E7,exp_bench30_absent_fedavg_qga15,absent_local,QGA-15,18,DoS-HTTP_Flood,39988,32776,5012,998726,0.9648974177474822,0.5495574734758947,0.8886222222222222,0.6791209537719507,0.9682249767814314,0.03177502321856865,0.11137777777777778,45000
E7,exp_bench30_absent_fedavg_qga15,absent_local,QGA-15,19,DoS-SYN_Flood,0,0,1560,1074942,0.9985508619584543,NaN,0.0,NaN,1.0,0.0,1.0,1560
E7,exp_bench30_absent_fedavg_qga15,absent_local,QGA-15,20,DoS-TCP_Flood,2147,975,41030,1032350,0.9609801003620987,0.6877001921844971,0.04972554832433935,0.09274498369295234,0.9990564440035806,0.000943555996419326,0.9502744516756606,43177
E7,exp_bench30_absent_fedavg_qga15,absent_local,QGA-15,21,DoS-UDP_Flood,0,4,6743,1069755,0.9937324779703149,0.0,0.0,NaN,0.9999962608400583,3.7391599416317133e-06,1.0,6743
E7,exp_bench30_absent_fedavg_qga15,absent_local,QGA-15,22,MITM-ArpSpoofing,24682,16357,20318,1015145,0.9659313220040464,0.6014279100367943,0.5484888888888889,0.5737398156649892,0.9841425416528519,0.015857458347148138,0.4515111111111111,45000
E7,exp_bench30_absent_fedavg_qga15,absent_local,QGA-15,23,Mirai-greeth_flood,43542,111196,1458,920306,0.895351796838278,0.2813917718983055,0.9676,0.4359911484044097,0.8921999181775702,0.10780008182242981,0.0324,45000
E7,exp_bench30_absent_fedavg_qga15,absent_local,QGA-15,24,Mirai-greip_flood,0,0,44798,1031704,0.9583855859069468,NaN,0.0,NaN,1.0,0.0,1.0,44798
E7,exp_bench30_absent_fedavg_qga15,absent_local,QGA-15,25,Mirai-udpplain,657,649,42974,1032222,0.959477084111316,0.503062787136294,0.015058100891567922,0.029240937312237134,0.9993716543498655,0.0006283456501344311,0.9849418991084321,43631
E7,exp_bench30_absent_fedavg_qga15,absent_local,QGA-15,26,Recon-HostDiscovery,0,0,36845,1039657,0.9657734031149037,NaN,0.0,NaN,1.0,0.0,1.0,36845
E7,exp_bench30_absent_fedavg_qga15,absent_local,QGA-15,27,Recon-OSScan,25474,88822,19526,942680,0.8993517894068009,0.22287744103030727,0.5660888888888889,0.3198322619525914,0.9138906177593451,0.08610938224065488,0.43391111111111114,45000
E7,exp_bench30_absent_fedavg_qga15,absent_local,QGA-15,28,Recon-PingSweep,13610,52467,3355,1007070,0.9481450104133573,0.2059718207545742,0.8022399056881816,0.32778593964499886,0.950481200750894,0.049518799249105974,0.19776009431181846,16965
E7,exp_bench30_absent_fedavg_qga15,absent_local,QGA-15,29,Recon-PortScan,0,4,44550,1031948,0.9586122459595988,0.0,0.0,NaN,0.9999961238507218,3.876149278261004e-06,1.0,44550
E7,exp_bench30_absent_fedavg_qga15,absent_local,QGA-15,30,SqlInjection,16393,17806,22945,1019358,0.9621449844031874,0.4793415012134858,0.4167217448777264,0.4458435889416213,0.9828320304214184,0.017167969578581594,0.5832782551222736,39338
E7,exp_bench30_absent_fedavg_qga15,absent_local,QGA-15,31,Uploading_Attack,0,0,5167,1071335,0.995200194704701,NaN,0.0,NaN,1.0,0.0,1.0,5167
E7,exp_bench30_absent_fedavg_qga15,absent_local,QGA-15,32,VulnerabilityScan,31841,3770,12837,1028054,0.9845731824000327,0.8941338350509674,0.7126773803661758,0.7931597105456539,0.9963462761091039,0.003653723890896122,0.28732261963382427,44678
E7,exp_bench30_absent_fedavg_qga15,absent_local,QGA-15,33,XSS,10714,45109,11786,1008893,0.9471482635424737,0.1919280583272128,0.47617777777777776,0.27358502610982727,0.9572021684968339,0.04279783150316603,0.5238222222222222,22500
E8,exp_bench30_absent_qifa_qga15,absent_local,QGA-15,0,Backdoor_Malware,158,1122,4434,1070788,0.9948388391289565,0.1234375,0.03440766550522648,0.053814713896457776,0.9989532703305315,0.0010467296694685187,0.9655923344947736,4592
E8,exp_bench30_absent_qifa_qga15,absent_local,QGA-15,1,BenignTraffic,42833,81884,2167,949618,0.9219221144038747,0.3434415516729876,0.9518444444444445,0.5047579205383079,0.9206167317174373,0.07938326828256272,0.048155555555555556,45000
E8,exp_bench30_absent_qifa_qga15,absent_local,QGA-15,2,BrowserHijacking,1706,1326,40864,1032606,0.9608082474533257,0.5626649076517151,0.04007517030772845,0.07482127976843121,0.9987175172061605,0.00128248279383944,0.9599248296922716,42570
E8,exp_bench30_absent_qifa_qga15,absent_local,QGA-15,3,CommandInjection,4,0,29560,1046938,0.9725406919819936,1.0,0.00013529968881071573,0.00027056277056277056,1.0,0.0,0.9998647003111892,29564
E8,exp_bench30_absent_qifa_qga15,absent_local,QGA-15,4,DDoS-ACK_Fragmentation,8,0,17188,1059306,0.9840334713730211,1.0,0.00046522447080716444,0.0009300162752848174,1.0,0.0,0.9995347755291928,17196
E8,exp_bench30_absent_qifa_qga15,absent_local,QGA-15,5,DDoS-HTTP_Flood,28752,12253,16248,1019249,0.973524433767889,0.7011827825874893,0.6389333333333334,0.6686122899831405,0.9881212057756553,0.011878794224344694,0.36106666666666665,45000
E8,exp_bench30_absent_qifa_qga15,absent_local,QGA-15,6,DDoS-ICMP_Flood,0,0,1172,1075330,0.9989112885995567,NaN,0.0,NaN,1.0,0.0,1.0,1172
E8,exp_bench30_absent_qifa_qga15,absent_local,QGA-15,7,DDoS-ICMP_Fragmentation,5085,8094,39915,1023408,0.9554027767714319,0.38584111085818346,0.113,0.17480534213375962,0.9921531902022488,0.00784680979775124,0.887,45000
E8,exp_bench30_absent_qifa_qga15,absent_local,QGA-15,8,DDoS-PSHACK_Flood,384,1196,2021,1072901,0.997011617256633,0.2430379746835443,0.15966735966735968,0.19272271016311168,0.9988865065259469,0.0011134934740530884,0.8403326403326403,2405
E8,exp_bench30_absent_qifa_qga15,absent_local,QGA-15,9,DDoS-RSTFINFlood,712,143,4255,1071392,0.9959145454444116,0.8327485380116959,0.14334608415542582,0.24458948814840265,0.9998665465897054,0.0001334534102945774,0.8566539158445742,4967
E8,exp_bench30_absent_qifa_qga15,absent_local,QGA-15,10,DDoS-SYN_Flood,44105,41450,895,990052,0.9606642625838131,0.5155163345216527,0.9801111111111112,0.6756539389529317,0.9598158801437128,0.04018411985628724,0.01988888888888889,45000
E8,exp_bench30_absent_qifa_qga15,absent_local,QGA-15,11,DDoS-SlowLoris,25787,8382,19013,1023320,0.9745518354819591,0.7546899236149727,0.5756026785714285,0.6530917195355139,0.991875560966248,0.008124439033751995,0.42439732142857145,44800
E8,exp_bench30_absent_qifa_qga15,absent_local,QGA-15,12,DDoS-SynonymousIP_Flood,8151,1817,36849,1029685,0.9640818131317916,0.8177166934189406,0.18113333333333334,0.29657255130257604,0.9982384910547919,0.0017615089452080559,0.8188666666666666,45000
E8,exp_bench30_absent_qifa_qga15,absent_local,QGA-15,13,DDoS-TCP_Flood,17952,35112,2455,1020983,0.9651027123033677,0.3383084577114428,0.8796981427941393,0.48868260946495895,0.9667529909714562,0.033247009028543835,0.12030185720586073,20407
E8,exp_bench30_absent_qifa_qga15,absent_local,QGA-15,14,DDoS-UDP_Flood,39436,52791,96,984179,0.9508714335876757,0.4275971244863218,0.997571587574623,0.5986080647242313,0.9490911019605196,0.050908898039480406,0.00242841242537691,39532
E8,exp_bench30_absent_qifa_qga15,absent_local,QGA-15,15,DDoS-UDP_Fragmentation,5,21,26209,1050267,0.9756340443399083,0.19230769230769232,0.00019073777370870527,0.00038109756097560977,0.9999800054842101,1.9994515789954755e-05,0.9998092622262913,26214
E8,exp_bench30_absent_qifa_qga15,absent_local,QGA-15,16,DNS_Spoofing,3793,7996,41207,1023506,0.9542936288088643,0.3217406056493341,0.08428888888888889,0.13358220782193733,0.9922481972890018,0.007751802710998137,0.9157111111111111,45000
E8,exp_bench30_absent_qifa_qga15,absent_local,QGA-15,17,DictionaryBruteForce,13974,4,29157,1033367,0.9729113369041581,0.9997138360280441,0.32398970578006536,0.48937995762489267,0.9999961291733559,3.870826644061039e-06,0.6760102942199346,43131
E8,exp_bench30_absent_qifa_qga15,absent_local,QGA-15,18,DoS-HTTP_Flood,40121,33481,4879,998021,0.9643660671322487,0.5451074699057091,0.8915777777777778,0.676565319303216,0.9675415074328504,0.03245849256714965,0.10842222222222223,45000
E8,exp_bench30_absent_qifa_qga15,absent_local,QGA-15,19,DoS-SYN_Flood,0,0,1560,1074942,0.9985508619584543,NaN,0.0,NaN,1.0,0.0,1.0,1560
E8,exp_bench30_absent_qifa_qga15,absent_local,QGA-15,20,DoS-TCP_Flood,7981,939,35196,1032386,0.9664329467107353,0.8947309417040359,0.18484378256942355,0.30639000326314375,0.9990912829942177,0.0009087170057823047,0.8151562174305764,43177
E8,exp_bench30_absent_qifa_qga15,absent_local,QGA-15,21,DoS-UDP_Flood,32,61,6711,1069698,0.9937092546042645,0.34408602150537637,0.004745662168174403,0.0093622001170275,0.9999429778108901,5.702218910988363e-05,0.9952543378318256,6743
E8,exp_bench30_absent_qifa_qga15,absent_local,QGA-15,22,MITM-ArpSpoofing,24851,18429,20149,1013073,0.9641635593802891,0.5741913123844732,0.5522444444444444,0.5630040779338469,0.9821338203900719,0.017866179609928045,0.4477555555555556,45000
E8,exp_bench30_absent_qifa_qga15,absent_local,QGA-15,23,Mirai-greeth_flood,43836,113855,1164,917647,0.8931548664099092,0.2779866954994261,0.9741333333333333,0.4325401719859293,0.8896221238543406,0.11037787614565944,0.025866666666666666,45000
E8,exp_bench30_absent_qifa_qga15,absent_local,QGA-15,24,Mirai-greip_flood,0,0,44798,1031704,0.9583855859069468,NaN,0.0,NaN,1.0,0.0,1.0,44798
E8,exp_bench30_absent_qifa_qga15,absent_local,QGA-15,25,Mirai-udpplain,598,556,43033,1032315,0.9595086678891447,0.5181975736568457,0.013705851344227728,0.026705370101596515,0.9994616946356322,0.000538305364367864,0.9862941486557723,43631
E8,exp_bench30_absent_qifa_qga15,absent_local,QGA-15,26,Recon-HostDiscovery,0,0,36845,1039657,0.9657734031149037,NaN,0.0,NaN,1.0,0.0,1.0,36845
E8,exp_bench30_absent_qifa_qga15,absent_local,QGA-15,27,Recon-OSScan,25286,84270,19714,947232,0.9034056601845607,0.23080433750775858,0.5619111111111111,0.3272082610833614,0.9183035999930199,0.08169640000698011,0.4380888888888889,45000
E8,exp_bench30_absent_qifa_qga15,absent_local,QGA-15,28,Recon-PingSweep,13955,55657,3010,1003880,0.9455021913568206,0.20046831006148366,0.8225758915414088,0.3223719925615348,0.9474704517161742,0.05252954828382586,0.17742410845859122,16965
E8,exp_bench30_absent_qifa_qga15,absent_local,QGA-15,29,Recon-PortScan,0,1,44550,1031951,0.9586150327635248,0.0,0.0,NaN,0.9999990309626804,9.69037319565251e-07,1.0,44550
E8,exp_bench30_absent_qifa_qga15,absent_local,QGA-15,30,SqlInjection,16686,22794,22652,1014370,0.95778363625892,0.42264437689969603,0.42417001372718494,0.42340582100535407,0.978022762070415,0.021977237929584906,0.5758299862728151,39338
E8,exp_bench30_absent_qifa_qga15,absent_local,QGA-15,31,Uploading_Attack,0,0,5167,1071335,0.995200194704701,NaN,0.0,NaN,1.0,0.0,1.0,5167
E8,exp_bench30_absent_qifa_qga15,absent_local,QGA-15,32,VulnerabilityScan,29591,2868,15087,1028956,0.9833209785025945,0.9116423796173635,0.6623170240386768,0.7672323268988942,0.9972204562018329,0.0027795437981671294,0.33768297596132324,44678
E8,exp_bench30_absent_qifa_qga15,absent_local,QGA-15,33,XSS,10452,43766,12048,1010236,0.9481524418904934,0.19277730642959903,0.46453333333333335,0.27247842748768214,0.9584763596274011,0.04152364037259891,0.5354666666666666,22500
